{
  "AdsManager": {
    "ShowAds":true,
    "ShowDropAds":false,
    "ShowCpaAds":false,
    "AdmobClick":2,
    "BannerAds":"bb",
    "InterstitialAds":"min",
    "NativeAds":"bb",
    "RewardAds":"min",
    "AdmobAppID":"ca-app-pub-3940256099942544~3347511713",
    "AdmobInterstitial":"ca-app-pub-3940256099942544/1033173712",
    "AdmobReward":"xxxxxxxxxxx",
    "MintegralAppID":"361229",
    "MintegralAppKey":"4292c0fbe732a6fc4cfc7e6a51466915",
    "MintegralInterstitialUnitID":"4230288",
    "MintegralInterstitialPlacementID":"2204157",
    "MintegralRewardUnitID":"4230286",
    "MintegralRewardPlacementID":"2204155"
    },
  "MoreApps":[
      {
        "AppName":"Pokémon TCG Pocket",
        "AppIcon":"https://play-lh.googleusercontent.com/CMYCz0j2Dowf_VUybvX00u5TGGkAJp2pGMrYxJcp85L91kou9fGICYcWnb8Pyr1xcQ",
        "AppPackgeName":"jp.pokemon.pokemontcgp"
      },
      {
        "AppName":"Ludo Star: Online Ludo Gaming",
        "AppIcon":"https://play-lh.googleusercontent.com/q5h287SRAvKpLIPfAVMB4ulqr7PdxL_Dy2E1DSLTCoYcuHbOa6SkXkTLhyX1D8rokGQ",
        "AppPackgeName":"com.superking.ludo.star"
      },
      {
        "AppName":"FaceApp: Perfect Face Editor",
        "AppIcon":"https://play-lh.googleusercontent.com/wy7PeVendA2m-DZnkSZepPYA9BaYydp35NhUwiw-BWkqh7BwvTAYMnlox118MmE2mQ",
        "AppPackgeName":"io.faceapp"
      },
       {
        "AppName":"Duolingo: Language Lessons",
        "AppIcon":"https://play-lh.googleusercontent.com/vIMymGDzl2arE2styucCrIO35Qv6yX7iJJYZGmIUMXXV_mT5OyR5MjpkfHFB3tc8bA",
        "AppPackgeName":"com.duolingo"
      }
      ],
  "AppControl":{
    "OnesignalID":"0128ec07-6774-4d4f-ac16-dbc721d011da",
    "ShowUpdate":false,
    "UpdateLink":"xxxxx",
    "UpdateVersion":1,
    "ShowMockupData":false,
    "UpdateFromAmazon":true,
    "ShowCategories":true
  },
  "CpaAds":{
    "CpaCode":"bnc00",
    "CpaAds":[
      {
      "CpaImage":"https://img.global.news.samsung.com/ph/wp-content/uploads/2023/06/Galaxy-A-Series-Featuring-5G-Performance.jpg",
      "CpaVideo":"",
      "Show":1,
      "CpaLink":"https://samsung.com"
      },
      {
      "CpaImage":"https://e8tpmrtk53q.exactdn.com/wp-content/uploads/2022/06/atl-ms-1549850-full-page-overlay-1080x1920.jpg?strip=all&lossy=1&ssl=1",
      "CpaVideo":"",
      "Show":0,
      "CpaLink":"https://google.com"
      },
      {
      "CpaImage":"https://cdn.shopify.com/s/files/1/0800/1670/3791/files/1920x1080-CC_C-MOBILE-WEBBANNER.jpg?v=1717906174",
      "CpaVideo":"",
      "Show":0,
      "CpaLink":"https://shopify.com"
      },
      {
      "CpaImage":"https://images.squarespace-cdn.com/content/v1/61d5c8c77695010e3d8bcbbc/ca86b538-0f3d-4d85-9f3c-3c49ba3ffc71/Static_Social-InstagramStory_1080x1920_Hozier_2024_Regional_BreeseStevensField_0816.jpg",
      "CpaVideo":"https://marketplace.canva.com/EAF-uTceBCw/1/0/450w/canva-black-and-red-modern-elegant-sale-and-discount-promo-of-the-week-instagram-reel-4Rp8d4or8yU.mp4",
      "Show":0,
      "CpaLink":"https://google.com"
      },
      {
      "CpaImage":"https://smartmoments.com.my/wp-content/uploads/2024/07/Smart-Moments-Website-O2N-Home-Page-Banner-Mobile-ENG_1080x1920.jpg",
      "CpaVideo":"https://smartmoments.com.my/wp-content/uploads/2024/07/Smart-Moments-Website-O2N-Home-Page-Banner-Mobile-ENG_1080x1920.jpg",
      "Show":0,
      "CpaLink":"https://google.com"
      },
      {
      "CpaImage":"",
      "CpaVideo":"https://cdn54.savetube.su/media/_cOVjVwIKSQ/23-24-wow-card-ad-1080x1920-v2-1080-ytshorts.savetube.me.mp4",
      "Show":1,
      "CpaLink":"https://google.com"
      },
       {
      "CpaImage":"",
      "CpaVideo":"https://cdn57.savetube.su/media/v-lCEmk_FZ8/innocent-plus-bumper-1080x1920-se-6s-1080-ytshorts.savetube.me.mp4",
      "Show":1,
      "CpaLink":"https://google.com"
      },
       {
      "CpaImage":"",
      "CpaVideo":"https://cdn56.savetube.su/media/BCQ-hj-3jJ4/nouveaute-innocent-juicy-water-de-l-eau-fraiche-et-des-fruits-v-st-1080-ytshorts.savetube.me.mp4",
      "Show":1,
      "CpaLink":"https://google.com"
      }
      ]
  },
  "DropAds":[
      {
      "DropImage":"https://classicpolos.com/cdn/shop/files/cp-web-banner-activewear-sfw.jpg?v=1707381191",
      "DropVideo":"",
      "Show":0,
      "DropLink":"https://classicpolos.com"
      },
       {
      "DropImage":"https://static-shop6.vfl-wolfsburg.de/media/a0/02/b7/1713345279/logo-kollektion-basic-vfl-wolfsburg.jpg",
      "DropVideo":"",
      "Show":0,
      "DropLink":"https://classicpolos.com"
      },
      {
      "DropImage":"xxxxxx",
      "DropVideo":"xxxxxxxxxx",
      "Show":1,
      "DropLink":"https://classicpolos.com"
      },
       {
      "DropImage":"xxxxx",
        "DropVideo":"xxxxxxxxxxx",
      "Show":1,
      "DropLink":"https://classicpolos.com"
      }
      ]
}
